﻿<metadata>
  <!--
  This sample removes the class: android.support.v4.content.AsyncTaskLoader.LoadTask:
  <remove-node path="/api/package[@name='android.support.v4.content']/class[@name='AsyncTaskLoader.LoadTask']" />
  
  This sample removes the method: android.support.v4.content.CursorLoader.loadInBackground:
  <remove-node path="/api/package[@name='android.support.v4.content']/class[@name='CursorLoader']/method[@name='loadInBackground']" />
  -->
<!--
  <attr path="/api/package[@name='com.fiserv.dps.mobile.sdk.bridge.model']/class[@name='Bridge']/method[@name='view' and count(parameter)=0]" name="propertyName">View</attr>
  <attr path="/api/package[@name='com.fiserv.dps.mobile.sdk.bridge.model']/class[@name='Bridge']/method[@name='popup' and count(parameter)=0]" name="propertyName">Popup</attr>-->
<!--<attr path="/api/package[@name='com.igalata.bubblepicker.rendering']/class[@name='BubblePicker']/method[@name='setBackground' and count(parameter)=1 and parameter[1][@type='int']]" name="propertyName">BackgroundColor</attr>-->
 <attr path="/api/package[@name='com.fiserv.dps.mobile.sdk.bridge.zelleview']/class[@name='BridgeView']"
        name="visibility">public</attr>
  <attr path="/api/package[@name='com.fiserv.dps.mobile.sdk.bridge.zelleview']/class[@name='BridgeView']"
        name="obfuscated">false</attr>
</metadata>
