{
  "prepare_queue": {
    "installed": [],
    "uninstalled": []
  },
  "config_munge": {
    "files": {
      "AndroidManifest.xml": {
        "parents": {
          "/manifest/application": [
            {
              "xml": "<activity android:label=\"Zelle Activity\" android:name=\"com.fiserv.dps.mobile.zelleplugin.ZelleActivity\"></activity>",
              "count": 1
            },
            {
              "xml": "<application android:theme=\"@style/Theme.AppCompat.Light.NoActionBar\" />",
              "count": 1,
              "mode": "merge",
              "plugin": "com.fiserv.dps.mobile.zelleplugin",
              "oldAttrib": {
                "android:hardwareAccelerated": "true",
                "android:icon": "@mipmap/ic_launcher",
                "android:label": "@string/app_name",
                "android:supportsRtl": "true",
                "android:theme": "@style/Theme.AppCompat.Light.NoActionBar"
              }
            }
          ]
        }
      },
      "res/xml/config.xml": {
        "parents": {
          "/*": [
            {
              "xml": "<feature name=\"ZellePlugin\"><param name=\"android-package\" value=\"com.fiserv.dps.mobile.zelleplugin.ZellePlugin\" /></feature>",
              "count": 1
            },
            {
              "xml": "<feature name=\"Whitelist\"><param name=\"android-package\" value=\"org.apache.cordova.whitelist.WhitelistPlugin\" /><param name=\"onload\" value=\"true\" /></feature>",
              "count": 1
            }
          ]
        }
      }
    }
  },
  "installed_plugins": {
    "com.fiserv.dps.mobile.zelleplugin": {
      "PACKAGE_NAME": "com.fiserv.dps.mobile.cordovaFI"
    },
    "cordova-plugin-whitelist": {
      "PACKAGE_NAME": "com.fiserv.dps.mobile.cordovaFI"
    }
  },
  "dependent_plugins": {},
  "modules": [
    {
      "id": "com.fiserv.dps.mobile.zelleplugin.ZellePlugin",
      "file": "plugins/com.fiserv.dps.mobile.zelleplugin/www/ZellePlugin.js",
      "pluginId": "com.fiserv.dps.mobile.zelleplugin",
      "clobbers": [
        "ZellePlugin"
      ]
    }
  ],
  "plugin_metadata": {
    "com.fiserv.dps.mobile.zelleplugin": "1.0.0",
    "cordova-plugin-whitelist": "1.3.5"
  }
}
