{
  "prepare_queue": {
    "installed": [],
    "uninstalled": []
  },
  "config_munge": {
    "files": {
      "res/xml/config.xml": {
        "parents": {
          "/*": [
            {
              "xml": "<feature name=\"pluginName\"><param name=\"android-package\" value=\"com.example.sample.plugin.pluginName\" /></feature>",
              "count": 1
            }
          ]
        }
      },
      "AndroidManifest.xml": {
        "parents": {
          "/manifest/application": [
            {
              "xml": "<activity android:label=\"New Activity\" android:name=\"com.example.sample.plugin.NewActivity\" />",
              "count": 1
            }
          ]
        }
      }
    }
  },
  "installed_plugins": {
    "com.example.sample.plugin": {
      "PACKAGE_NAME": "io.cordova.hellocordova"
    }
  },
  "dependent_plugins": {},
  "modules": [
    {
      "id": "com.example.sample.plugin.pluginName",
      "file": "plugins/com.example.sample.plugin/www/pluginName.js",
      "pluginId": "com.example.sample.plugin",
      "clobbers": [
        "pluginName"
      ]
    }
  ],
  "plugin_metadata": {
    "com.example.sample.plugin": "0.0.1"
  }
}
