{
  "project_info": {
    "project_number": "642072076720",
    "project_id": "democrash-119dc",
    "storage_bucket": "democrash-119dc.appspot.com"
  },
  "client": [
    {
      "client_info": {
        "mobilesdk_app_id": "1:642072076720:android:8a5165d2ead7d1ec857675",
        "android_client_info": {
          "package_name": "com.taxi.zellejavaclient"
        }
      },
      "oauth_client": [
        {
          "client_id": "642072076720-67a2b44enp2dk7sdgu3jm5djnf041u0j.apps.googleusercontent.com",
          "client_type": 3
        }
      ],
      "api_key": [
        {
          "current_key": "AIzaSyDd7CUXEt9eJC_-82xwGl34Watppt4ekBM"
        }
      ],
      "services": {
        "appinvite_service": {
          "other_platform_oauth_client": [
            {
              "client_id": "642072076720-67a2b44enp2dk7sdgu3jm5djnf041u0j.apps.googleusercontent.com",
              "client_type": 3
            }
          ]
        }
      }
    }
  ],
  "configuration_version": "1"
}